claim_id,claim,manuscript_anchor,proof,checker_or_implementation,source_or_test,experiment,figure_or_table,raw_result,maturity_state,limitations,fresh_recheck
S-TERM,Every admitted full transition sequence terminates,Theorem 4.3 / thm:termination,proofs/staged-confluence.md §2 and expanded Appendix A,src/staged_model.py; src/staged_verify.py,test_rank_measure_strictly_decreases; invalid/I02,named cases and all staged families,Figure 1; Table 5,results/staged/certificates/*.json; results/staged/staged-enumeration-summary.json,proved-handwritten; finite-checked,requires finite lattice and strict rewrite-rank decrease,2026-09-19: 74 tests pass; every retained certificate edge measure checked
S-CLOSURE,Fair analysis-only execution reaches the unique least common fixed point C_p(x),"Lemmas 4.4–4.5 / lem:least-closure, lem:closure-laws",proofs/staged-confluence.md §3; Appendix A,src/staged_checker.py; src/staged_verify.py,test_analysis_closure_is_fixed,all positive certificates,Figure 2,results/staged/certificates/*.json,proved-handwritten; finite-checked,does not require analysis maps to commute; fairness concerns productive rules,2026-09-19: closure traces replayed for five certificates
S-EXACT,Rooted confluence iff every reachable local peak joins iff every reachable state has one normal form,Theorem 5.1 / thm:newman,proofs/staged-confluence.md §4; Appendix A,src/staged_checker.py; staged_campaign.py; independent_audit.py,test_confluent_bidirectional_diamond; test_unjoined_rewrite_peak,451736 staged systems,Table 6,results/staged/staged-enumeration-summary.json; results/staged/independent-audit-summary.json,proved-handwritten; exhaustively finite-checked,exact only for the rooted finite terminating relation,2026-09-19: 0 exact/local mismatches; separate implementation 0/4065624 field mismatches
S-MOD,GP + CC + SLC imply confluence of the full relation,Theorem 5.9 / thm:modular,proofs/staged-confluence.md §§5–6; Appendix A,src/staged_checker.py; src/staged_verify.py; independent_audit.py,"S01,S09; independent-obligation tests",451736 staged systems,Figures 2–3; Table 6,results/staged/staged-enumeration-summary.json; results/staged/independent-audit-summary.json,proved-handwritten; finite-checked,"sufficient, not claimed necessary",2026-09-19: 134977 modular true; 0 finite false positives; separate implementation agrees
S-NONNEC,The modular criterion is not necessary,Proposition 5.10 / prop:not-necessary,proofs/staged-confluence.md §5 Corollary 5.6,src/staged_checker.py; src/staged_certificate.py,test_modular_criterion_is_not_necessary; S08,named case plus all staged families,Table 7,results/staged/cases/S08-analysis.json; results/staged/staged-enumeration-summary.json,proved by explicit counterexample; finite-measured,does not characterize all ways modular obligations can be weakened,2026-09-19: S08 positive certificate replays; 72092 finite false negatives
S-PROG,Unique terminal residual program is weaker than state confluence,Proposition 5.11 / prop:program-criterion,proofs/staged-confluence.md §6,src/staged_checker.py; src/staged_verify.py,test_state_confluence_stronger_than_program_confluence; S10,451736 staged systems,Figure 4; Table 7,results/staged/witnesses/S10-witness.json; results/staged/staged-enumeration-summary.json,proved by projection argument and counterexample; finite-measured,program identity means declared catalog identifiers rather than emitted-expression equality,2026-09-19: 28672 program-only systems; S10 witness replays
S-SEM,Confluence does not imply source equivalence; pathwise rewrite preservation preserves the initial program,Theorem 5.12 and Corollary / thm:pathwise-preservation,proofs/staged-confluence.md §7,src/staged_verify.py Boolean evaluator,test_semantics_is_separate_from_confluence; S07,named cases,Table 7,results/staged/certificates/S07-certificate.json,proved-handwritten; finite-checked,source equivalence additionally requires initial-program/source equivalence; Boolean observation only; embedding soundness is external,2026-09-19: S07 confluent certificate accepts and source-equivalence field is false
S-CERT,An accepted explicit positive certificate supports its represented confluence and semantic claims,Theorem 6.1 / thm:certificate-soundness,proofs/staged-confluence.md §8; Appendix B,src/staged_verify.py,positive replay tests and certificate mutation tests,5 certificates; 72 mutations across positive/negative evidence,Figure 3; Table 8,results/staged/certificates/*; results/staged/mutation-results.csv,proved algorithm argument; finite implementation tested,shared parser/order/evaluator remain in trusted base; not proof-assistant certification,2026-09-19: 5/5 certificates replay; 72/72 mutations rejected
S-WIT,Each accepted negative witness exhibits two valid terminal traces with the claimed distinction,Section 6.6 and Appendix B,proofs/staged-confluence.md §8,src/staged_verify.py,test_nonconfluence_witnesses_replay,4 named witnesses,Table 8,results/staged/witnesses/*,finite constructive evidence,"witness establishes the instance failure, not a general theorem","2026-09-19: S02,S03,S04,S10 replay"
S-ENUM,The declared staged catalogs contain 451736 systems and the reported aggregate counts,Section 7 and Appendix C,family derivations in Appendix C,staged_campaign.py; independent_audit.py; aggregate_independent_audit.py,family-size assertions; exact/local cross-check; separate nine-field classifier,7 exact finite families,Figure 4; Tables 5–7,results/staged/staged-enumeration-families.csv; results/staged/staged-enumeration-summary.json; results/staged/independent-audit-summary.json,measured exact enumeration,not all finite systems or real workloads,2026-09-19: 451736 instances independently reclassified; 4065624 field comparisons; 0 mismatches
S-XIMPL,A separately implemented classifier agrees with the primary classifier on nine reported fields for all declared staged systems,Section 7.5 and Appendix F,not a theorem; finite cross-implementation audit,independent_audit.py; aggregate_independent_audit.py,test_separate_classifier_agrees_on_named_boundary_cases,451736 staged systems; nine fields per system,Section 7 RQ5,results/staged/independent-audit-summary.json; results/staged/independent-audit-families.csv,measured exhaustive cross-implementation agreement,shares finite dataclasses and family generator; not proof-assistant or independent peer review,2026-09-19: 4065624 field comparisons; 0 mismatches
L-CONTROL,Fact convergence alone does not ensure unique irreversible output syntax,Appendix E,proofs/semantics.md,src/checker.py; exhaustive.py,C01 and singleton-minimality tests,2560900 one-slot systems,Appendix E table,results/enumeration-total.json,proved restricted theorem; finite-checked,"one immutable output slot, retained only as negative control",2026-09-19: 0 terminal-formula mismatches
L-SEM,The residual Boolean catalog contains 3136 ordered pairs and 476 distinct-syntax equivalent pairs,Appendix E,catalog definition in Appendix E,collect.py; src/model.py,truth-table unit tests,56 expressions × 56 expressions,Appendix E,results/semantic-summary.json; results/semantic-pairs.csv,measured finite catalog,at most one operator over two variables and constants,2026-09-19: deterministic comparison equal
R-REPRO,Retained deterministic evidence is reproducible by the bounded resumable driver,Appendix F,REPRODUCTION.md,reproduce.py; compare_results.py,clean output comparison; five completion-record regressions,two independently populated result directories plus interrupted-run recovery,Appendix F evidence map,results/reproduction/comparison.json; results/reproduction/interruptions.json,measured reproducibility,resource timings excluded; success is not independent review,2026-09-19: 94 deterministic files equal; partial nonempty sentinels rejected by regression tests
