resource_id,name,scholarly_or_official_url,license,access_date,resource_type,acquisition_method,integration_mode,supported_claim,internals_modified
buildit,Backwards Data-Flow Analysis Using Prophecy Variables in the BuildIt System,https://arxiv.org/abs/2601.02653,CC BY 4.0 as stated by arXiv record; no copy redistributed,2026-09-19,scholarly preprint,arXiv HTML/PDF passage inspection,citation and closest-work comparison only,prior repeated forward execution and staged prophecy semantics,no
nexis,Program Analysis with Prophecy and History Variables in the Nexis Compiler,https://arxiv.org/abs/2607.23033,arXiv distribution terms; no copy redistributed,2026-09-19,scholarly preprint,arXiv HTML/PDF passage inspection,citation and closest-work comparison only,prior verified implementation and optimization proofs,no
rinardgadient,Dataflow Analysis With Prophecy and History Variables,https://arxiv.org/abs/2007.12015,arXiv distribution terms; no copy redistributed,2026-09-19,scholarly preprint,arXiv record/full-text inspection,citation only,prior operational prophecy/history analysis,no
lerner,Composing Dataflow Analyses and Transformations,https://doi.org/10.1145/503272.503298,publisher copyright; no copy redistributed,2026-09-19,scholarly paper,publisher/author full-text inspection,citation and theorem-boundary comparison,prior transforming analyses and termination discussion,no
masticola,Lattice Frameworks for Multisource and Bidirectional Data Flow Problems,https://doi.org/10.1145/213978.213989,publisher copyright; no copy redistributed,2026-09-19,scholarly paper,publisher/repository full-text inspection,citation and scope comparison,prior multisource/bidirectional lattice framework,no
newman,On Theories with a Combinatorial Definition of Equivalence,https://doi.org/10.2307/1968867,publisher copyright; no copy redistributed,2026-09-19,scholarly paper,bibliographic and theorem inspection,classical theorem citation,termination plus local confluence,no
huet,Confluent Reductions: Abstract Properties and Applications to Term Rewriting Systems,https://doi.org/10.1145/322217.322230,publisher copyright; no copy redistributed,2026-09-19,scholarly paper,publisher/archival inspection,classical theorem citation,confluence and critical-pair context,no
toplas-set,Thirteen TOPLAS calibration articles,see literature/reference-audit.csv,publisher copyrights; no copies redistributed,2026-09-19,scholarly corpus,publisher/DOI/author/repository inspection plus per-entry identifier verification,citations and writing calibration only,venue-native proof/algorithm/evaluation patterns,no
adjacent-set,Adjacent PL and compiler-validation calibration papers,see literature/reference-audit.csv,mixed publisher copyrights; no copies redistributed,2026-09-19,scholarly corpus,DOI/arXiv/publisher inspection plus per-entry identifier verification,citations and writing calibration only,"staging, rewriting, translation validation and compiler proof boundaries",no
acmart,ACM article class and bibliography style,https://github.com/borisveytsman/acmart,LPPL; supplied notice retained,2026-09-19,publisher template,user-supplied matched template; public source record checked,unmodified class/style in paper,acmsmall working layout,no
toplasguide,TOPLAS author guidelines,https://dl.acm.org/journal/toplas/author-guidelines,official webpage; not redistributed,2026-09-19,official workflow source,live retrieval reattempted; tool returned an access/internal retrieval error,workflow comparison only,external-use policy hold,no
acmsubmissions,ACM submission instructions,https://www.acm.org/publications/authors/submissions,official webpage; not redistributed,2026-09-19,official workflow source,live retrieval reattempted; tool returned an access/internal retrieval error,workflow comparison only,external-use policy hold,no
