bib_key,persistent_identifier,resolved_identifier,verification_url,verification_source,resolution_status,title_match,author_match,year_match,locator_match,checked_on,notes
kildall1973,https://doi.org/10.1145/512927.512945,10.1145/512927.512945,https://doi.org/10.1145/512927.512945,"DOI landing metadata corroborated by publisher, DBLP, library, or author record",verified,yes,yes,yes,yes,2026-09-19,"title, authors, year, venue and available locator agree with stable scholarly metadata"
cousot1977,https://doi.org/10.1145/512950.512973,10.1145/512950.512973,https://doi.org/10.1145/512950.512973,"DOI landing metadata corroborated by publisher, DBLP, library, or author record",verified,yes,yes,yes,yes,2026-09-19,"title, authors, year, venue and available locator agree with stable scholarly metadata"
cousot1979,https://doi.org/10.1145/567752.567778,10.1145/567752.567778,https://doi.org/10.1145/567752.567778,"DOI landing metadata corroborated by publisher, DBLP, library, or author record",verified,yes,yes,yes,yes,2026-09-19,"title, authors, year, venue and available locator agree with stable scholarly metadata"
kamullman1977,https://doi.org/10.1007/BF00290339,10.1007/BF00290339,https://doi.org/10.1007/BF00290339,"DOI landing metadata corroborated by publisher, DBLP, library, or author record",verified,yes,yes,yes,yes,2026-09-19,"title, authors, year, venue and available locator agree with stable scholarly metadata"
nielson1985,https://doi.org/10.1145/3916.3917,10.1145/3916.3917,https://doi.org/10.1145/3916.3917,"DOI landing metadata corroborated by publisher, DBLP, library, or author record",verified,yes,yes,yes,yes,2026-09-19,"title, authors, year, venue and available locator agree with stable scholarly metadata"
ryderpaull1988,https://doi.org/10.1145/42192.42193,10.1145/42192.42193,https://doi.org/10.1145/42192.42193,"DOI landing metadata corroborated by publisher, DBLP, library, or author record",verified,yes,yes,yes,yes,2026-09-19,"title, authors, year, venue and available locator agree with stable scholarly metadata"
burke1990,https://doi.org/10.1145/78969.78963,10.1145/78969.78963,https://doi.org/10.1145/78969.78963,"DOI landing metadata corroborated by publisher, DBLP, library, or author record",verified,yes,yes,yes,yes,2026-09-19,"title, authors, year, venue and available locator agree with stable scholarly metadata"
wegmanzadeck1991,https://doi.org/10.1145/103135.103136,10.1145/103135.103136,https://doi.org/10.1145/103135.103136,"DOI landing metadata corroborated by publisher, DBLP, library, or author record",verified,yes,yes,yes,yes,2026-09-19,"title, authors, year, venue and available locator agree with stable scholarly metadata"
hudakyoung1991,https://doi.org/10.1145/103135.103139,10.1145/103135.103139,https://doi.org/10.1145/103135.103139,"DOI landing metadata corroborated by publisher, DBLP, library, or author record",verified,yes,yes,yes,yes,2026-09-19,"title, authors, year, venue and available locator agree with stable scholarly metadata"
cytron1991,https://doi.org/10.1145/115372.115320,10.1145/115372.115320,https://doi.org/10.1145/115372.115320,"DOI landing metadata corroborated by publisher, DBLP, library, or author record",verified,yes,yes,yes,yes,2026-09-19,"title, authors, year, venue and available locator agree with stable scholarly metadata"
knoop1994,https://doi.org/10.1145/183432.183443,10.1145/183432.183443,https://doi.org/10.1145/183432.183443,"DOI landing metadata corroborated by publisher, DBLP, library, or author record",verified,yes,yes,yes,yes,2026-09-19,"title, authors, year, venue and available locator agree with stable scholarly metadata"
clickcooper1995,https://doi.org/10.1145/201059.201061,10.1145/201059.201061,https://doi.org/10.1145/201059.201061,"DOI landing metadata corroborated by publisher, DBLP, library, or author record",verified,yes,yes,yes,yes,2026-09-19,"title, authors, year, venue and available locator agree with stable scholarly metadata"
masticola1995,https://doi.org/10.1145/213978.213989,10.1145/213978.213989,https://doi.org/10.1145/213978.213989,"DOI landing metadata corroborated by publisher, DBLP, library, or author record",verified,yes,yes,yes,yes,2026-09-19,"title, authors, year, venue and available locator agree with stable scholarly metadata"
acar2006,https://doi.org/10.1145/1186632.1186634,10.1145/1186632.1186634,https://doi.org/10.1145/1186632.1186634,"DOI landing metadata corroborated by publisher, DBLP, library, or author record",verified,yes,yes,yes,yes,2026-09-19,"title, authors, year, venue and available locator agree with stable scholarly metadata"
karkare2007,https://doi.org/10.1145/1286821.1286829,10.1145/1286821.1286829,https://doi.org/10.1145/1286821.1286829,"DOI landing metadata corroborated by publisher, DBLP, library, or author record",verified,yes,yes,yes,yes,2026-09-19,ACM record uses Article 38 (13 pages)
kalvala2009,https://doi.org/10.1145/1516507.1516509,10.1145/1516507.1516509,https://doi.org/10.1145/1516507.1516509,"DOI landing metadata corroborated by publisher, DBLP, library, or author record",verified,yes,yes,yes,yes,2026-09-19,"ACM record uses Article 14, pp. 1–48"
liu2017,https://doi.org/10.1145/2994595,10.1145/2994595,https://doi.org/10.1145/2994595,"DOI landing metadata corroborated by publisher, DBLP, library, or author record",verified,yes,yes,yes,yes,2026-09-19,"ACM record uses Article 12, pp. 1–41"
newman1942,https://doi.org/10.2307/1968867,10.2307/1968867,https://doi.org/10.2307/1968867,"DOI landing metadata corroborated by publisher, DBLP, library, or author record",verified,yes,yes,yes,yes,2026-09-19,"title, authors, year, venue and available locator agree with stable scholarly metadata"
rosen1973,https://doi.org/10.1145/321738.321750,10.1145/321738.321750,https://doi.org/10.1145/321738.321750,"DOI landing metadata corroborated by publisher, DBLP, library, or author record",verified,yes,yes,yes,yes,2026-09-19,"title, authors, year, venue and available locator agree with stable scholarly metadata"
huet1980,https://doi.org/10.1145/322217.322230,10.1145/322217.322230,https://doi.org/10.1145/322217.322230,"DOI landing metadata corroborated by publisher, DBLP, library, or author record",verified,yes,yes,yes,yes,2026-09-19,"title, authors, year, venue and available locator agree with stable scholarly metadata"
baadernipkow1998,https://doi.org/10.1017/CBO9781139172752,10.1017/CBO9781139172752,https://doi.org/10.1017/CBO9781139172752,"DOI landing metadata corroborated by publisher, DBLP, library, or author record",verified,yes,yes,yes,yes,2026-09-19,"title, authors, year, venue and available locator agree with stable scholarly metadata"
terese2003,https://doi.org/10.1017/CBO9780511541792,10.1017/CBO9780511541792,https://doi.org/10.1017/CBO9780511541792,"DOI landing metadata corroborated by publisher, DBLP, library, or author record",verified,yes,yes,yes,yes,2026-09-19,"Cambridge book and review records corroborate title, year, series and ISBN; DOI retained from the scholarly record"
daviespfenning1996,https://doi.org/10.1145/237721.237788,10.1145/237721.237788,https://doi.org/10.1145/237721.237788,"DOI landing metadata corroborated by publisher, DBLP, library, or author record",verified,yes,yes,yes,yes,2026-09-19,"title, authors, year, venue and available locator agree with stable scholarly metadata"
tahasheard2000,https://doi.org/10.1016/S0304-3975(00)00053-0,10.1016/S0304-3975(00)00053-0,https://doi.org/10.1016/S0304-3975(00)00053-0,"DOI landing metadata corroborated by publisher, DBLP, library, or author record",verified,yes,yes,yes,yes,2026-09-19,"title, authors, year, venue and available locator agree with stable scholarly metadata"
carette2009,https://doi.org/10.1017/S0956796809007205,10.1017/S0956796809007205,https://doi.org/10.1017/S0956796809007205,"DOI landing metadata corroborated by publisher, DBLP, library, or author record",verified,yes,yes,yes,yes,2026-09-19,"title, authors, year, venue and available locator agree with stable scholarly metadata"
rompfodersky2010,https://doi.org/10.1145/1868294.1868314,10.1145/1868294.1868314,https://doi.org/10.1145/1868294.1868314,"DOI landing metadata corroborated by publisher, DBLP, library, or author record",verified,yes,yes,yes,yes,2026-09-19,"title, authors, year, venue and available locator agree with stable scholarly metadata"
jones1993,stable publisher/book record; see bibliography,ISBN 978-0-13-020249-9,https://dblp.org/rec/books/daglib/0072559,DBLP and author-hosted complete book record,verified,yes,yes,yes,yes,2026-09-19,1993 print record
lerner2002,https://doi.org/10.1145/503272.503298,10.1145/503272.503298,https://doi.org/10.1145/503272.503298,"DOI landing metadata corroborated by publisher, DBLP, library, or author record",verified,yes,yes,yes,yes,2026-09-19,"title, authors, year, venue and available locator agree with stable scholarly metadata"
knoop1992,https://doi.org/10.1145/143095.143136,10.1145/143095.143136,https://doi.org/10.1145/143095.143136,"DOI landing metadata corroborated by publisher, DBLP, library, or author record",verified,yes,yes,yes,yes,2026-09-19,"title, authors, year, venue and available locator agree with stable scholarly metadata"
tristanleroy2009,https://doi.org/10.1145/1542476.1542512,10.1145/1542476.1542512,https://doi.org/10.1145/1542476.1542512,"DOI landing metadata corroborated by publisher, DBLP, library, or author record",verified,yes,yes,yes,yes,2026-09-19,author-maintained bibliography and DBLP agree on pp. 316–326; corrected in this release
reps1995,https://doi.org/10.1145/199448.199462,10.1145/199448.199462,https://doi.org/10.1145/199448.199462,"DOI landing metadata corroborated by publisher, DBLP, library, or author record",verified,yes,yes,yes,yes,2026-09-19,"title, authors, year, venue and available locator agree with stable scholarly metadata"
sagiv1996,https://doi.org/10.1016/0304-3975(96)00072-2,10.1016/0304-3975(96)00072-2,https://doi.org/10.1016/0304-3975(96)00072-2,"DOI landing metadata corroborated by publisher, DBLP, library, or author record",verified,yes,yes,yes,yes,2026-09-19,"title, authors, year, venue and available locator agree with stable scholarly metadata"
tate2009,https://doi.org/10.1145/1480881.1480915,10.1145/1480881.1480915,https://doi.org/10.1145/1480881.1480915,"DOI landing metadata corroborated by publisher, DBLP, library, or author record",verified,yes,yes,yes,yes,2026-09-19,"title, authors, year, venue and available locator agree with stable scholarly metadata"
willsey2021,https://doi.org/10.1145/3434304,10.1145/3434304,https://doi.org/10.1145/3434304,"DOI landing metadata corroborated by publisher, DBLP, library, or author record",verified,yes,yes,yes,yes,2026-09-19,"PACMPL record uses Article 23, pp. 1–29"
necula2000,https://doi.org/10.1145/349299.349314,10.1145/349299.349314,https://doi.org/10.1145/349299.349314,"DOI landing metadata corroborated by publisher, DBLP, library, or author record",verified,yes,yes,yes,yes,2026-09-19,"title, authors, year, venue and available locator agree with stable scholarly metadata"
pnueli1998,https://doi.org/10.1007/BFb0054170,10.1007/BFb0054170,https://doi.org/10.1007/BFb0054170,"DOI landing metadata corroborated by publisher, DBLP, library, or author record",verified,yes,yes,yes,yes,2026-09-19,"title, authors, year, venue and available locator agree with stable scholarly metadata"
leroy2009cacm,https://doi.org/10.1145/1538788.1538814,10.1145/1538788.1538814,https://doi.org/10.1145/1538788.1538814,"DOI landing metadata corroborated by publisher, DBLP, library, or author record",verified,yes,yes,yes,yes,2026-09-19,"title, authors, year, venue and available locator agree with stable scholarly metadata"
leroy2009jar,https://doi.org/10.1007/s10817-009-9155-4,10.1007/s10817-009-9155-4,https://doi.org/10.1007/s10817-009-9155-4,"DOI landing metadata corroborated by publisher, DBLP, library, or author record",verified,yes,yes,yes,yes,2026-09-19,"title, authors, year, venue and available locator agree with stable scholarly metadata"
nielsonbook1999,https://doi.org/10.1007/978-3-662-03811-6,10.1007/978-3-662-03811-6,https://doi.org/10.1007/978-3-662-03811-6,"DOI landing metadata corroborated by publisher, DBLP, library, or author record",verified,yes,yes,yes,not-applicable,2026-09-19,"title, authors, year, venue and available locator agree with stable scholarly metadata"
khedker2009,stable publisher/book record; see bibliography,ISBN 978-0-8493-2880-0,https://www.cse.iitb.ac.in/~uday/dfaBook-web/,author-hosted book record plus archival library catalog,verified,yes,yes,yes,yes,2026-09-19,author surname appears as Karkare in the cited print record; current publisher metadata uses Sathe
muchnick1997,stable publisher/book record; see bibliography,ISBN 978-1-55860-320-2,https://shop.elsevier.com/books/advanced-compiler-design-and-implementation/muchnick/978-0-08-049871-3,publisher product record plus library catalog,verified,yes,yes,yes,yes,2026-09-19,1997 first edition
aholam2006,stable publisher/book record; see bibliography,ISBN 978-0-321-48681-3,https://www.pearson.com/en-us/subject-catalog/p/compilers-principles-techniques-and-tools/P200000000277,publisher product record,verified,yes,yes,yes,yes,2026-09-19,second edition
coopertorczon2012,stable publisher/book record; see bibliography,ISBN 978-0-12-088478-0,https://www.sciencedirect.com/book/9780120884780/engineering-a-compiler,publisher platform plus library catalog,verified,yes,yes,yes,yes,2026-09-19,print-edition catalogs use 2012; publisher platform records 2011 online publication
rinardgadient2020,https://arxiv.org/abs/2007.12015,2007.12015,https://arxiv.org/abs/2007.12015,official arXiv record and full-text version history,verified,yes,yes,yes,not-applicable,2026-09-19,official arXiv identifier and title/author/year record
buildit2026,https://arxiv.org/abs/2601.02653,2601.02653,https://arxiv.org/abs/2601.02653,official arXiv record and full-text version history,verified,yes,yes,yes,not-applicable,2026-09-19,official arXiv identifier and title/author/year record
nexis2026,https://arxiv.org/abs/2607.23033,2607.23033,https://arxiv.org/abs/2607.23033,official arXiv record and full-text version history,verified,yes,yes,yes,not-applicable,2026-09-19,official arXiv identifier and title/author/year record
abadi1991,https://doi.org/10.1016/0304-3975(91)90224-P,10.1016/0304-3975(91)90224-P,https://doi.org/10.1016/0304-3975(91)90224-P,"DOI landing metadata corroborated by publisher, DBLP, library, or author record",verified,yes,yes,yes,yes,2026-09-19,"title, authors, year, venue and available locator agree with stable scholarly metadata"
zhang2012,https://doi.org/10.1007/978-3-642-29952-0_12,10.1007/978-3-642-29952-0_12,https://doi.org/10.1007/978-3-642-29952-0_12,"DOI landing metadata corroborated by publisher, DBLP, library, or author record",verified,yes,yes,yes,yes,2026-09-19,"title, authors, year, venue and available locator agree with stable scholarly metadata"
chaudhuri2010,https://doi.org/10.1145/1706299.1706308,10.1145/1706299.1706308,https://doi.org/10.1145/1706299.1706308,"DOI landing metadata corroborated by publisher, DBLP, library, or author record",verified,yes,yes,yes,yes,2026-09-19,"title, authors, year, venue and available locator agree with stable scholarly metadata"
