bib_key,authors,title,year,venue_or_publisher,volume_number_pages_or_edition,persistent_identifier,entry_type,calibration_group,metadata_sources,metadata_audit,technical_use,full_text_status,notes
kildall1973,Gary A. Kildall,A Unified Approach to Global Program Optimization,1973,Proceedings of the 1st ACM SIGACT-SIGPLAN Symposium on Principles of Programming Languages,pp. 194–206,https://doi.org/10.1145/512927.512945,inproceedings,influential foundation,DOI landing record; publisher or DBLP corroboration,verified against a stable scholarly record; field-completeness lint passed,context/definition/guarantee boundary,complete article or accessible complete technical version used for calibration; exact role in inspection.md,DOI/arXiv/publisher/DBLP cross-check; no full text redistributed
cousot1977,Patrick Cousot; Radhia Cousot,Abstract Interpretation: A Unified Lattice Model for Static Analysis of Programs by Construction or Approximation of Fixpoints,1977,Proceedings of the 4th ACM SIGACT-SIGPLAN Symposium on Principles of Programming Languages,pp. 238–252,https://doi.org/10.1145/512950.512973,inproceedings,influential foundation,DOI landing record; publisher or DBLP corroboration,verified against a stable scholarly record; field-completeness lint passed,context/definition/guarantee boundary,complete article or accessible complete technical version used for calibration; exact role in inspection.md,DOI/arXiv/publisher/DBLP cross-check; no full text redistributed
cousot1979,Patrick Cousot; Radhia Cousot,Systematic Design of Program Analysis Frameworks,1979,Proceedings of the 6th ACM SIGACT-SIGPLAN Symposium on Principles of Programming Languages,pp. 269–282,https://doi.org/10.1145/567752.567778,inproceedings,influential foundation,DOI landing record; publisher or DBLP corroboration,verified against a stable scholarly record; field-completeness lint passed,context/definition/guarantee boundary,complete article or accessible complete technical version used for calibration; exact role in inspection.md,DOI/arXiv/publisher/DBLP cross-check; no full text redistributed
kamullman1977,John B. Kam; Jeffrey D. Ullman,Monotone Data Flow Analysis Frameworks,1977,Acta Informatica,"vol. 7, no. 3, pp. 305–317",https://doi.org/10.1007/BF00290339,article,influential foundation,DOI landing record; publisher or DBLP corroboration,verified against a stable scholarly record; field-completeness lint passed,context/definition/guarantee boundary,complete article or accessible complete technical version used for calibration; exact role in inspection.md,DOI/arXiv/publisher/DBLP cross-check; no full text redistributed
nielson1985,Flemming Nielson,Program Transformations in a Denotational Setting,1985,ACM Transactions on Programming Languages and Systems,"vol. 7, no. 3, pp. 359–379",https://doi.org/10.1145/3916.3917,article,TOPLAS calibration,DOI landing record; publisher or DBLP corroboration,verified against a stable scholarly record; field-completeness lint passed,context/definition/guarantee boundary,complete article or accessible complete technical version used for calibration; exact role in inspection.md,DOI/arXiv/publisher/DBLP cross-check; no full text redistributed
ryderpaull1988,Barbara G. Ryder; Marvin C. Paull,Incremental Data-Flow Analysis,1988,ACM Transactions on Programming Languages and Systems,"vol. 10, no. 1, pp. 1–50",https://doi.org/10.1145/42192.42193,article,TOPLAS calibration,DOI landing record; publisher or DBLP corroboration,verified against a stable scholarly record; field-completeness lint passed,context/definition/guarantee boundary,complete article or accessible complete technical version used for calibration; exact role in inspection.md,DOI/arXiv/publisher/DBLP cross-check; no full text redistributed
burke1990,Michael G. Burke,An Interval-Based Approach to Exhaustive and Incremental Interprocedural Data-Flow Analysis,1990,ACM Transactions on Programming Languages and Systems,"vol. 12, no. 3, pp. 341–395",https://doi.org/10.1145/78969.78963,article,TOPLAS calibration,DOI landing record; publisher or DBLP corroboration,verified against a stable scholarly record; field-completeness lint passed,context/definition/guarantee boundary,complete article or accessible complete technical version used for calibration; exact role in inspection.md,DOI/arXiv/publisher/DBLP cross-check; no full text redistributed
wegmanzadeck1991,Mark N. Wegman; F. Kenneth Zadeck,Constant Propagation with Conditional Branches,1991,ACM Transactions on Programming Languages and Systems,"vol. 13, no. 2, pp. 181–210",https://doi.org/10.1145/103135.103136,article,TOPLAS calibration,DOI landing record; publisher or DBLP corroboration,verified against a stable scholarly record; field-completeness lint passed,context/definition/guarantee boundary,complete article or accessible complete technical version used for calibration; exact role in inspection.md,DOI/arXiv/publisher/DBLP cross-check; no full text redistributed
hudakyoung1991,Paul Hudak; Jonathan Young,Collecting Interpretations of Expressions,1991,ACM Transactions on Programming Languages and Systems,"vol. 13, no. 2, pp. 269–290",https://doi.org/10.1145/103135.103139,article,TOPLAS calibration,DOI landing record; publisher or DBLP corroboration,verified against a stable scholarly record; field-completeness lint passed,context/definition/guarantee boundary,complete article or accessible complete technical version used for calibration; exact role in inspection.md,DOI/arXiv/publisher/DBLP cross-check; no full text redistributed
cytron1991,Ron Cytron; Jeanne Ferrante; Barry K. Rosen; Mark N. Wegman; F. Kenneth Zadeck,Efficiently Computing Static Single Assignment Form and the Control Dependence Graph,1991,ACM Transactions on Programming Languages and Systems,"vol. 13, no. 4, pp. 451–490",https://doi.org/10.1145/115372.115320,article,TOPLAS calibration,DOI landing record; publisher or DBLP corroboration,verified against a stable scholarly record; field-completeness lint passed,context/definition/guarantee boundary,complete article or accessible complete technical version used for calibration; exact role in inspection.md,DOI/arXiv/publisher/DBLP cross-check; no full text redistributed
knoop1994,"Jens Knoop; Oliver R\""uthing; Bernhard Steffen",Optimal Code Motion: Theory and Practice,1994,ACM Transactions on Programming Languages and Systems,"vol. 16, no. 4, pp. 1117–1155",https://doi.org/10.1145/183432.183443,article,TOPLAS calibration,DOI landing record; publisher or DBLP corroboration,verified against a stable scholarly record; field-completeness lint passed,context/definition/guarantee boundary,complete article or accessible complete technical version used for calibration; exact role in inspection.md,DOI/arXiv/publisher/DBLP cross-check; no full text redistributed
clickcooper1995,Cliff Click; Keith D. Cooper,"Combining Analyses, Combining Optimizations",1995,ACM Transactions on Programming Languages and Systems,"vol. 17, no. 2, pp. 181–196",https://doi.org/10.1145/201059.201061,article,TOPLAS calibration,DOI landing record; publisher or DBLP corroboration,verified against a stable scholarly record; field-completeness lint passed,context/definition/guarantee boundary,complete article or accessible complete technical version used for calibration; exact role in inspection.md,DOI/arXiv/publisher/DBLP cross-check; no full text redistributed
masticola1995,Stephen P. Masticola; Thomas J. Marlowe; Barbara G. Ryder,Lattice Frameworks for Multisource and Bidirectional Data Flow Problems,1995,ACM Transactions on Programming Languages and Systems,"vol. 17, no. 5, pp. 777–803",https://doi.org/10.1145/213978.213989,article,TOPLAS calibration,DOI landing record; publisher or DBLP corroboration,verified against a stable scholarly record; field-completeness lint passed,closest-work or theorem boundary,complete article or accessible complete technical version used for calibration; exact role in inspection.md,DOI/arXiv/publisher/DBLP cross-check; no full text redistributed
acar2006,Umut A. Acar; Guy E. Blelloch; Robert Harper,Adaptive Functional Programming,2006,ACM Transactions on Programming Languages and Systems,"vol. 28, no. 6, pp. 990–1034",https://doi.org/10.1145/1186632.1186634,article,TOPLAS calibration,DOI landing record; publisher or DBLP corroboration,verified against a stable scholarly record; field-completeness lint passed,context/definition/guarantee boundary,complete article or accessible complete technical version used for calibration; exact role in inspection.md,DOI/arXiv/publisher/DBLP cross-check; no full text redistributed
karkare2007,Bageshri Karkare; Uday P. Khedker,An Improved Bound for Call Strings Based Interprocedural Analysis of Bit Vector Frameworks,2007,ACM Transactions on Programming Languages and Systems,"vol. 29, no. 6, Article 38, 13 pp.",https://doi.org/10.1145/1286821.1286829,article,TOPLAS calibration,DOI landing record; publisher or DBLP corroboration,verified against a stable scholarly record; field-completeness lint passed,context/definition/guarantee boundary,complete article or accessible complete technical version used for calibration; exact role in inspection.md,DOI/arXiv/publisher/DBLP cross-check; no full text redistributed
kalvala2009,Sara Kalvala; Richard Warburton; David Lacey,Program Transformations Using Temporal Logic Side Conditions,2009,ACM Transactions on Programming Languages and Systems,"vol. 31, no. 4, Article 14, pp. 1–48",https://doi.org/10.1145/1516507.1516509,article,TOPLAS calibration,DOI landing record; publisher or DBLP corroboration,verified against a stable scholarly record; field-completeness lint passed,context/definition/guarantee boundary,complete article or accessible complete technical version used for calibration; exact role in inspection.md,DOI/arXiv/publisher/DBLP cross-check; no full text redistributed
liu2017,Yanhong A. Liu; Scott D. Stoller; Bo Lin,From Clarity to Efficiency for Distributed Algorithms,2017,ACM Transactions on Programming Languages and Systems,"vol. 39, no. 3, Article 12, pp. 1–41",https://doi.org/10.1145/2994595,article,TOPLAS calibration,DOI landing record; publisher or DBLP corroboration,verified against a stable scholarly record; field-completeness lint passed,context/definition/guarantee boundary,complete article or accessible complete technical version used for calibration; exact role in inspection.md,DOI/arXiv/publisher/DBLP cross-check; no full text redistributed
newman1942,M. H. A. Newman,On Theories with a Combinatorial Definition of ``Equivalence'',1942,Annals of Mathematics,"vol. 43, no. 2, pp. 223–243",https://doi.org/10.2307/1968867,article,influential foundation,DOI landing record; publisher or DBLP corroboration,verified against a stable scholarly record; field-completeness lint passed,closest-work or theorem boundary,complete article or accessible complete technical version used for calibration; exact role in inspection.md,DOI/arXiv/publisher/DBLP cross-check; no full text redistributed
rosen1973,Barry K. Rosen,Tree-Manipulating Systems and Church--Rosser Theorems,1973,Journal of the ACM,"vol. 20, no. 1, pp. 160–187",https://doi.org/10.1145/321738.321750,article,influential foundation,DOI landing record; publisher or DBLP corroboration,verified against a stable scholarly record; field-completeness lint passed,context/definition/guarantee boundary,complete article or accessible complete technical version used for calibration; exact role in inspection.md,DOI/arXiv/publisher/DBLP cross-check; no full text redistributed
huet1980,G\'erard Huet,Confluent Reductions: Abstract Properties and Applications to Term Rewriting Systems,1980,Journal of the ACM,"vol. 27, no. 4, pp. 797–821",https://doi.org/10.1145/322217.322230,article,influential foundation,DOI landing record; publisher or DBLP corroboration,verified against a stable scholarly record; field-completeness lint passed,closest-work or theorem boundary,complete article or accessible complete technical version used for calibration; exact role in inspection.md,DOI/arXiv/publisher/DBLP cross-check; no full text redistributed
baadernipkow1998,Franz Baader; Tobias Nipkow,Term Rewriting and All That,1998,Cambridge University Press,ISBN 978-0-521-45520-6,https://doi.org/10.1017/CBO9781139172752,book,influential foundation,DOI landing record; publisher or DBLP corroboration,verified against a stable scholarly record; field-completeness lint passed,context/definition/guarantee boundary,book metadata and relevant chapter/definition inspection where accessible,DOI/arXiv/publisher/DBLP cross-check; no full text redistributed
terese2003,Terese,Term Rewriting Systems,2003,Cambridge University Press,Cambridge Tracts in Theoretical Computer Science 55; ISBN 978-0-521-39115-3,https://doi.org/10.1017/CBO9780511541792,book,influential foundation,DOI landing record; publisher or DBLP corroboration,verified against a stable scholarly record; field-completeness lint passed,context/definition/guarantee boundary,book metadata and relevant chapter/definition inspection where accessible,DOI/arXiv/publisher/DBLP cross-check; no full text redistributed
daviespfenning1996,Rowan Davies; Frank Pfenning,A Modal Analysis of Staged Computation,1996,Proceedings of the 23rd ACM SIGPLAN-SIGACT Symposium on Principles of Programming Languages,pp. 258–270,https://doi.org/10.1145/237721.237788,inproceedings,adjacent PL/compiler,DOI landing record; publisher or DBLP corroboration,verified against a stable scholarly record; field-completeness lint passed,context/definition/guarantee boundary,complete article or accessible complete technical version used for calibration; exact role in inspection.md,DOI/arXiv/publisher/DBLP cross-check; no full text redistributed
tahasheard2000,Walid Taha; Tim Sheard,MetaML and Multi-Stage Programming with Explicit Annotations,2000,Theoretical Computer Science,"vol. 248, no. 1--2, pp. 211–242",https://doi.org/10.1016/S0304-3975(00)00053-0,article,adjacent PL/compiler,DOI landing record; publisher or DBLP corroboration,verified against a stable scholarly record; field-completeness lint passed,context/definition/guarantee boundary,complete article or accessible complete technical version used for calibration; exact role in inspection.md,DOI/arXiv/publisher/DBLP cross-check; no full text redistributed
carette2009,Jacques Carette; Oleg Kiselyov; Chung-chieh Shan,"Finally Tagless, Partially Evaluated: Tagless Staged Interpreters for Simpler Typed Languages",2009,Journal of Functional Programming,"vol. 19, no. 5, pp. 509–543",https://doi.org/10.1017/S0956796809007205,article,adjacent PL/compiler,DOI landing record; publisher or DBLP corroboration,verified against a stable scholarly record; field-completeness lint passed,context/definition/guarantee boundary,complete article or accessible complete technical version used for calibration; exact role in inspection.md,DOI/arXiv/publisher/DBLP cross-check; no full text redistributed
rompfodersky2010,Tiark Rompf; Martin Odersky,Lightweight Modular Staging: A Pragmatic Approach to Runtime Code Generation and Compiled DSLs,2010,Proceedings of the 9th International Conference on Generative Programming and Component Engineering,pp. 127–136,https://doi.org/10.1145/1868294.1868314,inproceedings,adjacent PL/compiler,DOI landing record; publisher or DBLP corroboration,verified against a stable scholarly record; field-completeness lint passed,context/definition/guarantee boundary,complete article or accessible complete technical version used for calibration; exact role in inspection.md,DOI/arXiv/publisher/DBLP cross-check; no full text redistributed
jones1993,Neil D. Jones; Carsten K. Gomard; Peter Sestoft,Partial Evaluation and Automatic Program Generation,1993,Prentice Hall,ISBN 978-0-13-020249-9,stable publisher/book record; see bibliography,book,adjacent PL/compiler,publisher or library book record,verified against a stable scholarly record; field-completeness lint passed,context/definition/guarantee boundary,book metadata and relevant chapter/definition inspection where accessible,DOI/arXiv/publisher/DBLP cross-check; no full text redistributed
lerner2002,Sorin Lerner; David Grove; Craig Chambers,Composing Dataflow Analyses and Transformations,2002,Proceedings of the 29th ACM SIGPLAN-SIGACT Symposium on Principles of Programming Languages,pp. 270–282,https://doi.org/10.1145/503272.503298,inproceedings,adjacent PL/compiler,DOI landing record; publisher or DBLP corroboration,verified against a stable scholarly record; field-completeness lint passed,closest-work or theorem boundary,complete article or accessible complete technical version used for calibration; exact role in inspection.md,DOI/arXiv/publisher/DBLP cross-check; no full text redistributed
knoop1992,"Jens Knoop; Oliver R\""uthing; Bernhard Steffen",Lazy Code Motion,1992,Proceedings of the ACM SIGPLAN Conference on Programming Language Design and Implementation,pp. 224–234,https://doi.org/10.1145/143095.143136,inproceedings,adjacent PL/compiler,DOI landing record; publisher or DBLP corroboration,verified against a stable scholarly record; field-completeness lint passed,context/definition/guarantee boundary,complete article or accessible complete technical version used for calibration; exact role in inspection.md,DOI/arXiv/publisher/DBLP cross-check; no full text redistributed
tristanleroy2009,Jean-Baptiste Tristan; Xavier Leroy,Verified Validation of Lazy Code Motion,2009,Proceedings of the ACM SIGPLAN Conference on Programming Language Design and Implementation,pp. 316–326,https://doi.org/10.1145/1542476.1542512,inproceedings,adjacent PL/compiler,DOI landing record; publisher or DBLP corroboration,verified against Xavier Leroy author bibliography and DBLP; corrected prior 316–329 typo to 316–326,context/definition/guarantee boundary,complete article or accessible complete technical version used for calibration; exact role in inspection.md,author-maintained bibliography and DBLP agree on pp. 316–326; DOI retained
reps1995,Thomas Reps; Susan Horwitz; Mooly Sagiv,Precise Interprocedural Dataflow Analysis via Graph Reachability,1995,Proceedings of the 22nd ACM SIGPLAN-SIGACT Symposium on Principles of Programming Languages,pp. 49–61,https://doi.org/10.1145/199448.199462,inproceedings,adjacent PL/compiler,DOI landing record; publisher or DBLP corroboration,verified against a stable scholarly record; field-completeness lint passed,context/definition/guarantee boundary,complete article or accessible complete technical version used for calibration; exact role in inspection.md,DOI/arXiv/publisher/DBLP cross-check; no full text redistributed
sagiv1996,Mooly Sagiv; Thomas Reps; Susan Horwitz,Precise Interprocedural Dataflow Analysis with Applications to Constant Propagation,1996,Theoretical Computer Science,"vol. 167, no. 1--2, pp. 131–170",https://doi.org/10.1016/0304-3975(96)00072-2,article,adjacent PL/compiler,DOI landing record; publisher or DBLP corroboration,verified against a stable scholarly record; field-completeness lint passed,context/definition/guarantee boundary,complete article or accessible complete technical version used for calibration; exact role in inspection.md,DOI/arXiv/publisher/DBLP cross-check; no full text redistributed
tate2009,Ross Tate; Michael Stepp; Zachary Tatlock; Sorin Lerner,Equality Saturation: A New Approach to Optimization,2009,Proceedings of the 36th ACM SIGPLAN-SIGACT Symposium on Principles of Programming Languages,pp. 264–276,https://doi.org/10.1145/1480881.1480915,inproceedings,adjacent PL/compiler,DOI landing record; publisher or DBLP corroboration,verified against a stable scholarly record; field-completeness lint passed,context/definition/guarantee boundary,complete article or accessible complete technical version used for calibration; exact role in inspection.md,DOI/arXiv/publisher/DBLP cross-check; no full text redistributed
willsey2021,Max Willsey; Chandrakana Nandi; Yisu Remy Wang; Oliver Flatt; Zachary Tatlock; Pavel Panchekha,Egg: Fast and Extensible Equality Saturation,2021,Proceedings of the ACM on Programming Languages,"vol. 5, POPL, Article 23, pp. 1–29",https://doi.org/10.1145/3434304,article,adjacent PL/compiler,DOI landing record; publisher or DBLP corroboration,verified against a stable scholarly record; field-completeness lint passed,context/definition/guarantee boundary,complete article or accessible complete technical version used for calibration; exact role in inspection.md,DOI/arXiv/publisher/DBLP cross-check; no full text redistributed
necula2000,George C. Necula,Translation Validation for an Optimizing Compiler,2000,Proceedings of the ACM SIGPLAN Conference on Programming Language Design and Implementation,pp. 83–94,https://doi.org/10.1145/349299.349314,inproceedings,adjacent PL/compiler,DOI landing record; publisher or DBLP corroboration,verified against a stable scholarly record; field-completeness lint passed,context/definition/guarantee boundary,complete article or accessible complete technical version used for calibration; exact role in inspection.md,DOI/arXiv/publisher/DBLP cross-check; no full text redistributed
pnueli1998,Amir Pnueli; Michael Siegel; Eli Singerman,Translation Validation,1998,Tools and Algorithms for the Construction and Analysis of Systems,"vol. 1384, pp. 151–166",https://doi.org/10.1007/BFb0054170,inproceedings,adjacent PL/compiler,DOI landing record; publisher or DBLP corroboration,verified against a stable scholarly record; field-completeness lint passed,context/definition/guarantee boundary,complete article or accessible complete technical version used for calibration; exact role in inspection.md,DOI/arXiv/publisher/DBLP cross-check; no full text redistributed
leroy2009cacm,Xavier Leroy,Formal Verification of a Realistic Compiler,2009,Communications of the ACM,"vol. 52, no. 7, pp. 107–115",https://doi.org/10.1145/1538788.1538814,article,adjacent PL/compiler,DOI landing record; publisher or DBLP corroboration,verified against a stable scholarly record; field-completeness lint passed,context/definition/guarantee boundary,complete article or accessible complete technical version used for calibration; exact role in inspection.md,DOI/arXiv/publisher/DBLP cross-check; no full text redistributed
leroy2009jar,Xavier Leroy,A Formally Verified Compiler Back-End,2009,Journal of Automated Reasoning,"vol. 43, no. 4, pp. 363–446",https://doi.org/10.1007/s10817-009-9155-4,article,adjacent PL/compiler,DOI landing record; publisher or DBLP corroboration,verified against a stable scholarly record; field-completeness lint passed,context/definition/guarantee boundary,complete article or accessible complete technical version used for calibration; exact role in inspection.md,DOI/arXiv/publisher/DBLP cross-check; no full text redistributed
nielsonbook1999,Flemming Nielson; Hanne Riis Nielson; Chris Hankin,Principles of Program Analysis,1999,Springer,,https://doi.org/10.1007/978-3-662-03811-6,book,textbook/reference,DOI landing record; publisher or DBLP corroboration,verified against a stable scholarly record; field-completeness lint passed,context/definition/guarantee boundary,book metadata and relevant chapter/definition inspection where accessible,DOI/arXiv/publisher/DBLP cross-check; no full text redistributed
khedker2009,Uday P. Khedker; Amitabha Sanyal; Bageshri Karkare,Data Flow Analysis: Theory and Practice,2009,CRC Press,1st ed.; ISBN 978-0-8493-2880-0,stable publisher/book record; see bibliography,book,textbook/reference,publisher or library book record,verified against archival library and author-hosted book record; current publisher uses author surname Sathe,context/definition/guarantee boundary,book metadata and relevant chapter/definition inspection where accessible,the cited 2009 print record and author-hosted page use Bageshri Karkare; current Routledge metadata uses Bageshri Sathe; title/year/ISBN identify the same book
muchnick1997,Steven S. Muchnick,Advanced Compiler Design and Implementation,1997,Morgan Kaufmann,1st ed.; ISBN 978-1-55860-320-2,stable publisher/book record; see bibliography,book,textbook/reference,publisher or library book record,verified against a stable scholarly record; field-completeness lint passed,context/definition/guarantee boundary,book metadata and relevant chapter/definition inspection where accessible,DOI/arXiv/publisher/DBLP cross-check; no full text redistributed
aholam2006,Alfred V. Aho; Monica S. Lam; Ravi Sethi; Jeffrey D. Ullman,"Compilers: Principles, Techniques, and Tools",2006,Addison-Wesley,2nd ed.; ISBN 978-0-321-48681-3,stable publisher/book record; see bibliography,book,textbook/reference,publisher or library book record,verified against a stable scholarly record; field-completeness lint passed,context/definition/guarantee boundary,book metadata and relevant chapter/definition inspection where accessible,DOI/arXiv/publisher/DBLP cross-check; no full text redistributed
coopertorczon2012,Keith D. Cooper; Linda Torczon,Engineering a Compiler,2012,Morgan Kaufmann,2nd ed.; ISBN 978-0-12-088478-0,stable publisher/book record; see bibliography,book,textbook/reference,publisher or library book record,verified against a stable scholarly record; field-completeness lint passed,context/definition/guarantee boundary,book metadata and relevant chapter/definition inspection where accessible,print-edition catalog records use 2012; Elsevier platform reports online publication in late 2011; cited year follows the 2nd-edition print record
rinardgadient2020,Martin Rinard; Austin Gadient,Dataflow Analysis with Prophecy and History Variables,2020,CoRR,vol. abs/2007.12015,https://arxiv.org/abs/2007.12015,article,prophecy/history closest work,arXiv abstract record and complete PDF,verified against a stable scholarly record; field-completeness lint passed,closest-work or theorem boundary,complete article or accessible complete technical version used for calibration; exact role in inspection.md,DOI/arXiv/publisher/DBLP cross-check; no full text redistributed
buildit2026,Ajay Brahmakshatriya; Saman P. Amarasinghe; Martin C. Rinard,Backwards Data-Flow Analysis Using Prophecy Variables in the BuildIt System,2026,CoRR,vol. abs/2601.02653,https://arxiv.org/abs/2601.02653,article,prophecy/history closest work,arXiv abstract record and complete PDF,verified against a stable scholarly record; field-completeness lint passed,closest-work or theorem boundary,complete article or accessible complete technical version used for calibration; exact role in inspection.md,DOI/arXiv/publisher/DBLP cross-check; no full text redistributed
nexis2026,Martin C. Rinard,Program Analysis with Prophecy and History Variables in the Nexis Compiler,2026,CoRR,vol. abs/2607.23033,https://arxiv.org/abs/2607.23033,article,prophecy/history closest work,arXiv abstract record and complete PDF,verified against a stable scholarly record; field-completeness lint passed,closest-work or theorem boundary,complete article or accessible complete technical version used for calibration; exact role in inspection.md,DOI/arXiv/publisher/DBLP cross-check; no full text redistributed
abadi1991,Mart\'in Abadi; Leslie Lamport,The Existence of Refinement Mappings,1991,Theoretical Computer Science,"vol. 82, no. 2, pp. 253–284",https://doi.org/10.1016/0304-3975(91)90224-P,article,prophecy/history closest work,DOI landing record; publisher or DBLP corroboration,verified against a stable scholarly record; field-completeness lint passed,context/definition/guarantee boundary,complete article or accessible complete technical version used for calibration; exact role in inspection.md,DOI/arXiv/publisher/DBLP cross-check; no full text redistributed
zhang2012,Zipeng Zhang; Xinyu Feng; Ming Fu; Zhong Shao; Yong Li,A Structural Approach to Prophecy Variables,2012,Theory and Applications of Models of Computation,"vol. 7287, pp. 61–71",https://doi.org/10.1007/978-3-642-29952-0_12,inproceedings,prophecy/history closest work,DOI landing record; publisher or DBLP corroboration,verified against a stable scholarly record; field-completeness lint passed,context/definition/guarantee boundary,complete article or accessible complete technical version used for calibration; exact role in inspection.md,DOI/arXiv/publisher/DBLP cross-check; no full text redistributed
chaudhuri2010,Swarat Chaudhuri; Sumit Gulwani; Roberto Lublinerman,Continuity Analysis of Programs,2010,Proceedings of the 37th ACM SIGPLAN-SIGACT Symposium on Principles of Programming Languages,pp. 57–70,https://doi.org/10.1145/1706299.1706308,inproceedings,adjacent PL/compiler,DOI landing record; publisher or DBLP corroboration,verified against a stable scholarly record; field-completeness lint passed,context/definition/guarantee boundary,complete article or accessible complete technical version used for calibration; exact role in inspection.md,DOI/arXiv/publisher/DBLP cross-check; no full text redistributed
