lattice,first_map,second_map,cases,incomplete_cases,complete_unique_cases,complete_multiple_cases,formula_mismatches,maximal_guard_checks,persistent_guard_checks,strict_transition_guard_advantage_emitters
C5,14,0,1024,512,384,128,0,32,32,0
C5,14,1,1024,512,384,128,0,32,32,0
C5,14,2,1024,512,384,128,0,32,32,0
C5,14,3,1024,512,384,128,0,32,32,0
C5,14,4,1024,512,384,128,0,32,32,0
C5,14,5,1024,512,288,224,0,32,32,0
C5,14,6,1024,512,288,224,0,32,32,0
C5,14,7,1024,512,216,296,0,32,32,0
C5,14,8,1024,512,162,350,0,32,32,0
C5,14,9,1024,512,216,296,0,32,32,0
C5,14,10,1024,512,288,224,0,32,32,0
C5,14,11,1024,512,216,296,0,32,32,0
C5,14,12,1024,512,216,296,0,32,32,0
C5,14,13,1024,512,288,224,0,32,32,0
C5,14,14,1024,512,384,128,0,32,32,0
C5,14,15,1024,512,384,128,0,32,32,0
C5,14,16,1024,512,384,128,0,32,32,0
C5,14,17,1024,512,384,128,0,32,32,0
C5,14,18,1024,512,384,128,0,32,32,0
C5,14,19,1024,512,288,224,0,32,32,0
C5,14,20,1024,512,288,224,0,32,32,0
C5,14,21,1024,512,216,296,0,32,32,0
C5,14,22,1024,512,162,350,0,32,32,0
C5,14,23,1024,512,216,296,0,32,32,0
C5,14,24,1024,512,288,224,0,32,32,0
C5,14,25,1024,512,216,296,0,32,32,0
C5,14,26,1024,512,216,296,0,32,32,0
C5,14,27,1024,512,288,224,0,32,32,0
C5,14,28,1024,512,288,224,0,32,32,0
C5,14,29,1024,512,288,224,0,32,32,0
C5,14,30,1024,512,216,296,0,32,32,0
C5,14,31,1024,512,162,350,0,32,32,0
C5,14,32,1024,512,216,296,0,32,32,0
C5,14,33,1024,512,216,296,0,32,32,8
C5,14,34,1024,512,162,350,0,32,32,4
C5,14,35,1024,512,162,350,0,32,32,12
C5,14,36,1024,512,216,296,0,32,32,8
C5,14,37,1024,512,288,224,0,32,32,0
C5,14,38,1024,512,216,296,0,32,32,0
C5,14,39,1024,512,216,296,0,32,32,0
C5,14,40,1024,512,216,296,0,32,32,8
C5,14,41,1024,512,288,224,0,32,32,0
C5,15,0,1024,512,384,128,0,32,32,0
C5,15,1,1024,512,384,128,0,32,32,0
C5,15,2,1024,512,384,128,0,32,32,0
C5,15,3,1024,512,384,128,0,32,32,0
C5,15,4,1024,512,384,128,0,32,32,0
C5,15,5,1024,512,288,224,0,32,32,0
C5,15,6,1024,512,288,224,0,32,32,0
C5,15,7,1024,512,162,350,0,32,32,0
C5,15,8,1024,512,162,350,0,32,32,0
C5,15,9,1024,512,216,296,0,32,32,0
C5,15,10,1024,512,216,296,0,32,32,0
C5,15,11,1024,512,216,296,0,32,32,0
C5,15,12,1024,512,216,296,0,32,32,0
C5,15,13,1024,512,288,224,0,32,32,0
C5,15,14,1024,512,384,128,0,32,32,0
C5,15,15,1024,512,384,128,0,32,32,0
C5,15,16,1024,512,384,128,0,32,32,0
C5,15,17,1024,512,384,128,0,32,32,0
C5,15,18,1024,512,384,128,0,32,32,0
C5,15,19,1024,512,288,224,0,32,32,0
C5,15,20,1024,512,288,224,0,32,32,0
C5,15,21,1024,512,162,350,0,32,32,0
C5,15,22,1024,512,162,350,0,32,32,0
C5,15,23,1024,512,216,296,0,32,32,0
C5,15,24,1024,512,216,296,0,32,32,0
C5,15,25,1024,512,216,296,0,32,32,0
C5,15,26,1024,512,216,296,0,32,32,0
C5,15,27,1024,512,288,224,0,32,32,0
C5,15,28,1024,512,288,224,0,32,32,0
C5,15,29,1024,512,288,224,0,32,32,0
C5,15,30,1024,512,162,350,0,32,32,0
C5,15,31,1024,512,162,350,0,32,32,0
C5,15,32,1024,512,216,296,0,32,32,0
C5,15,33,1024,512,162,350,0,32,32,4
C5,15,34,1024,512,162,350,0,32,32,4
C5,15,35,1024,512,162,350,0,32,32,12
C5,15,36,1024,512,216,296,0,32,32,8
C5,15,37,1024,512,216,296,0,32,32,0
C5,15,38,1024,512,216,296,0,32,32,0
C5,15,39,1024,512,216,296,0,32,32,0
C5,15,40,1024,512,216,296,0,32,32,8
C5,15,41,1024,512,288,224,0,32,32,0
C5,16,0,1024,512,384,128,0,32,32,0
C5,16,1,1024,512,384,128,0,32,32,0
C5,16,2,1024,512,384,128,0,32,32,0
C5,16,3,1024,512,384,128,0,32,32,0
C5,16,4,1024,512,384,128,0,32,32,0
C5,16,5,1024,512,216,296,0,32,32,0
C5,16,6,1024,512,162,350,0,32,32,0
C5,16,7,1024,512,216,296,0,32,32,0
C5,16,8,1024,512,162,350,0,32,32,0
C5,16,9,1024,512,162,350,0,32,32,0
C5,16,10,1024,512,288,224,0,32,32,0
C5,16,11,1024,512,216,296,0,32,32,0
C5,16,12,1024,512,216,296,0,32,32,0
C5,16,13,1024,512,288,224,0,32,32,0
C5,16,14,1024,512,384,128,0,32,32,0
C5,16,15,1024,512,384,128,0,32,32,0
C5,16,16,1024,512,384,128,0,32,32,0
C5,16,17,1024,512,384,128,0,32,32,0
C5,16,18,1024,512,384,128,0,32,32,0
C5,16,19,1024,512,216,296,0,32,32,0
C5,16,20,1024,512,162,350,0,32,32,0
C5,16,21,1024,512,216,296,0,32,32,0
C5,16,22,1024,512,162,350,0,32,32,0
C5,16,23,1024,512,162,350,0,32,32,0
C5,16,24,1024,512,288,224,0,32,32,0
C5,16,25,1024,512,216,296,0,32,32,0
C5,16,26,1024,512,216,296,0,32,32,0
C5,16,27,1024,512,288,224,0,32,32,0
C5,16,28,1024,512,216,296,0,32,32,0
C5,16,29,1024,512,162,350,0,32,32,0
C5,16,30,1024,512,216,296,0,32,32,0
C5,16,31,1024,512,162,350,0,32,32,0
C5,16,32,1024,512,162,350,0,32,32,0
C5,16,33,1024,512,216,296,0,32,32,8
C5,16,34,1024,512,162,350,0,32,32,4
C5,16,35,1024,512,162,350,0,32,32,4
C5,16,36,1024,512,162,350,0,32,32,12
C5,16,37,1024,512,288,224,0,32,32,0
C5,16,38,1024,512,216,296,0,32,32,0
C5,16,39,1024,512,216,296,0,32,32,0
C5,16,40,1024,512,216,296,0,32,32,8
C5,16,41,1024,512,288,224,0,32,32,0
C5,17,0,1024,512,384,128,0,32,32,0
C5,17,1,1024,512,384,128,0,32,32,0
C5,17,2,1024,512,384,128,0,32,32,0
C5,17,3,1024,512,384,128,0,32,32,0
C5,17,4,1024,512,384,128,0,32,32,0
C5,17,5,1024,512,162,350,0,32,32,0
C5,17,6,1024,512,162,350,0,32,32,0
C5,17,7,1024,512,162,350,0,32,32,0
C5,17,8,1024,512,162,350,0,32,32,0
C5,17,9,1024,512,162,350,0,32,32,0
C5,17,10,1024,512,216,296,0,32,32,0
C5,17,11,1024,512,216,296,0,32,32,0
C5,17,12,1024,512,216,296,0,32,32,0
C5,17,13,1024,512,288,224,0,32,32,0
C5,17,14,1024,512,384,128,0,32,32,0
C5,17,15,1024,512,384,128,0,32,32,0
C5,17,16,1024,512,384,128,0,32,32,0
C5,17,17,1024,512,384,128,0,32,32,0
C5,17,18,1024,512,384,128,0,32,32,0
C5,17,19,1024,512,162,350,0,32,32,0
C5,17,20,1024,512,162,350,0,32,32,0
C5,17,21,1024,512,162,350,0,32,32,0
C5,17,22,1024,512,162,350,0,32,32,0
C5,17,23,1024,512,162,350,0,32,32,0
C5,17,24,1024,512,216,296,0,32,32,0
C5,17,25,1024,512,216,296,0,32,32,0
C5,17,26,1024,512,216,296,0,32,32,0
C5,17,27,1024,512,288,224,0,32,32,0
C5,17,28,1024,512,162,350,0,32,32,0
C5,17,29,1024,512,162,350,0,32,32,0
C5,17,30,1024,512,162,350,0,32,32,0
C5,17,31,1024,512,162,350,0,32,32,0
C5,17,32,1024,512,162,350,0,32,32,0
C5,17,33,1024,512,162,350,0,32,32,4
C5,17,34,1024,512,162,350,0,32,32,4
C5,17,35,1024,512,162,350,0,32,32,4
C5,17,36,1024,512,162,350,0,32,32,12
C5,17,37,1024,512,216,296,0,32,32,0
C5,17,38,1024,512,216,296,0,32,32,0
C5,17,39,1024,512,216,296,0,32,32,0
C5,17,40,1024,512,216,296,0,32,32,8
C5,17,41,1024,512,288,224,0,32,32,0
C5,18,0,1024,512,384,128,0,32,32,0
C5,18,1,1024,512,384,128,0,32,32,0
C5,18,2,1024,512,384,128,0,32,32,0
C5,18,3,1024,512,384,128,0,32,32,0
C5,18,4,1024,512,384,128,0,32,32,0
C5,18,5,1024,512,216,296,0,32,32,0
C5,18,6,1024,512,216,296,0,32,32,0
C5,18,7,1024,512,162,350,0,32,32,0
C5,18,8,1024,512,162,350,0,32,32,0
C5,18,9,1024,512,216,296,0,32,32,0
C5,18,10,1024,512,216,296,0,32,32,0
C5,18,11,1024,512,216,296,0,32,32,0
C5,18,12,1024,512,216,296,0,32,32,0
C5,18,13,1024,512,288,224,0,32,32,0
C5,18,14,1024,512,384,128,0,32,32,0
C5,18,15,1024,512,384,128,0,32,32,0
C5,18,16,1024,512,384,128,0,32,32,0
C5,18,17,1024,512,384,128,0,32,32,0
C5,18,18,1024,512,384,128,0,32,32,0
C5,18,19,1024,512,216,296,0,32,32,0
C5,18,20,1024,512,216,296,0,32,32,0
C5,18,21,1024,512,162,350,0,32,32,0
C5,18,22,1024,512,162,350,0,32,32,0
C5,18,23,1024,512,216,296,0,32,32,0
C5,18,24,1024,512,216,296,0,32,32,0
C5,18,25,1024,512,216,296,0,32,32,0
C5,18,26,1024,512,216,296,0,32,32,0
C5,18,27,1024,512,288,224,0,32,32,0
C5,18,28,1024,512,216,296,0,32,32,0
C5,18,29,1024,512,216,296,0,32,32,0
C5,18,30,1024,512,162,350,0,32,32,0
C5,18,31,1024,512,162,350,0,32,32,0
C5,18,32,1024,512,216,296,0,32,32,0
C5,18,33,1024,512,162,350,0,32,32,4
C5,18,34,1024,512,162,350,0,32,32,4
C5,18,35,1024,512,162,350,0,32,32,12
C5,18,36,1024,512,216,296,0,32,32,8
C5,18,37,1024,512,216,296,0,32,32,0
C5,18,38,1024,512,216,296,0,32,32,0
C5,18,39,1024,512,216,296,0,32,32,0
C5,18,40,1024,512,216,296,0,32,32,8
C5,18,41,1024,512,288,224,0,32,32,0
C5,19,0,1024,512,288,224,0,32,32,0
C5,19,1,1024,512,288,224,0,32,32,0
C5,19,2,1024,512,216,296,0,32,32,0
C5,19,3,1024,512,162,350,0,32,32,0
C5,19,4,1024,512,216,296,0,32,32,0
C5,19,5,1024,512,288,224,0,32,32,0
C5,19,6,1024,512,288,224,0,32,32,0
C5,19,7,1024,512,216,296,0,32,32,0
C5,19,8,1024,512,162,350,0,32,32,0
C5,19,9,1024,512,216,296,0,32,32,0
C5,19,10,1024,512,216,296,0,32,32,0
C5,19,11,1024,512,162,350,0,32,32,0
C5,19,12,1024,512,162,350,0,32,32,8
C5,19,13,1024,512,216,296,0,32,32,0
C5,19,14,1024,512,288,224,0,32,32,0
C5,19,15,1024,512,288,224,0,32,32,0
C5,19,16,1024,512,216,296,0,32,32,0
C5,19,17,1024,512,162,350,0,32,32,0
C5,19,18,1024,512,216,296,0,32,32,0
C5,19,19,1024,512,288,224,0,32,32,0
C5,19,20,1024,512,288,224,0,32,32,0
C5,19,21,1024,512,216,296,0,32,32,0
C5,19,22,1024,512,162,350,0,32,32,0
C5,19,23,1024,512,216,296,0,32,32,0
C5,19,24,1024,512,216,296,0,32,32,0
C5,19,25,1024,512,162,350,0,32,32,0
C5,19,26,1024,512,162,350,0,32,32,8
C5,19,27,1024,512,216,296,0,32,32,0
C5,19,28,1024,512,288,224,0,32,32,0
C5,19,29,1024,512,288,224,0,32,32,0
C5,19,30,1024,512,216,296,0,32,32,0
C5,19,31,1024,512,162,350,0,32,32,0
C5,19,32,1024,512,216,296,0,32,32,0
C5,19,33,1024,512,216,296,0,32,32,0
C5,19,34,1024,512,162,350,0,32,32,0
C5,19,35,1024,512,162,350,0,32,32,8
C5,19,36,1024,512,216,296,0,32,32,0
C5,19,37,1024,512,216,296,0,32,32,0
C5,19,38,1024,512,162,350,0,32,32,0
C5,19,39,1024,512,162,350,0,32,32,8
C5,19,40,1024,512,162,350,0,32,32,8
C5,19,41,1024,512,216,296,0,32,32,0
C5,20,0,1024,512,288,224,0,32,32,0
C5,20,1,1024,512,288,224,0,32,32,0
C5,20,2,1024,512,162,350,0,32,32,0
C5,20,3,1024,512,162,350,0,32,32,0
C5,20,4,1024,512,216,296,0,32,32,0
C5,20,5,1024,512,288,224,0,32,32,0
C5,20,6,1024,512,288,224,0,32,32,0
C5,20,7,1024,512,162,350,0,32,32,0
C5,20,8,1024,512,162,350,0,32,32,0
C5,20,9,1024,512,216,296,0,32,32,0
C5,20,10,1024,512,162,350,0,32,32,0
C5,20,11,1024,512,162,350,0,32,32,0
C5,20,12,1024,512,162,350,0,32,32,8
C5,20,13,1024,512,216,296,0,32,32,0
C5,20,14,1024,512,288,224,0,32,32,0
C5,20,15,1024,512,288,224,0,32,32,0
C5,20,16,1024,512,162,350,0,32,32,0
C5,20,17,1024,512,162,350,0,32,32,0
C5,20,18,1024,512,216,296,0,32,32,0
C5,20,19,1024,512,288,224,0,32,32,0
C5,20,20,1024,512,288,224,0,32,32,0
C5,20,21,1024,512,162,350,0,32,32,0
C5,20,22,1024,512,162,350,0,32,32,0
C5,20,23,1024,512,216,296,0,32,32,0
C5,20,24,1024,512,162,350,0,32,32,0
C5,20,25,1024,512,162,350,0,32,32,0
C5,20,26,1024,512,162,350,0,32,32,8
C5,20,27,1024,512,216,296,0,32,32,0
C5,20,28,1024,512,288,224,0,32,32,0
C5,20,29,1024,512,288,224,0,32,32,0
C5,20,30,1024,512,162,350,0,32,32,0
C5,20,31,1024,512,162,350,0,32,32,0
C5,20,32,1024,512,216,296,0,32,32,0
C5,20,33,1024,512,162,350,0,32,32,0
C5,20,34,1024,512,162,350,0,32,32,0
C5,20,35,1024,512,162,350,0,32,32,8
C5,20,36,1024,512,216,296,0,32,32,0
C5,20,37,1024,512,162,350,0,32,32,0
C5,20,38,1024,512,162,350,0,32,32,0
C5,20,39,1024,512,162,350,0,32,32,8
C5,20,40,1024,512,162,350,0,32,32,8
C5,20,41,1024,512,216,296,0,32,32,0
C5,21,0,1024,512,216,296,0,32,32,0
C5,21,1,1024,512,162,350,0,32,32,0
C5,21,2,1024,512,216,296,0,32,32,0
C5,21,3,1024,512,162,350,0,32,32,0
C5,21,4,1024,512,162,350,0,32,32,0
C5,21,5,1024,512,216,296,0,32,32,0
C5,21,6,1024,512,162,350,0,32,32,0
C5,21,7,1024,512,216,296,0,32,32,0
C5,21,8,1024,512,162,350,0,32,32,0
C5,21,9,1024,512,162,350,0,32,32,0
C5,21,10,1024,512,216,296,0,32,32,0
C5,21,11,1024,512,162,350,0,32,32,0
C5,21,12,1024,512,162,350,0,32,32,0
C5,21,13,1024,512,162,350,0,32,32,0
C5,21,14,1024,512,216,296,0,32,32,0
C5,21,15,1024,512,162,350,0,32,32,0
C5,21,16,1024,512,216,296,0,32,32,0
C5,21,17,1024,512,162,350,0,32,32,0
C5,21,18,1024,512,162,350,0,32,32,0
C5,21,19,1024,512,216,296,0,32,32,0
C5,21,20,1024,512,162,350,0,32,32,0
C5,21,21,1024,512,216,296,0,32,32,0
C5,21,22,1024,512,162,350,0,32,32,0
C5,21,23,1024,512,162,350,0,32,32,0
C5,21,24,1024,512,216,296,0,32,32,0
C5,21,25,1024,512,162,350,0,32,32,0
C5,21,26,1024,512,162,350,0,32,32,0
C5,21,27,1024,512,162,350,0,32,32,0
C5,21,28,1024,512,216,296,0,32,32,0
C5,21,29,1024,512,162,350,0,32,32,0
C5,21,30,1024,512,216,296,0,32,32,0
C5,21,31,1024,512,162,350,0,32,32,0
C5,21,32,1024,512,162,350,0,32,32,0
C5,21,33,1024,512,216,296,0,32,32,0
C5,21,34,1024,512,162,350,0,32,32,0
C5,21,35,1024,512,162,350,0,32,32,0
C5,21,36,1024,512,162,350,0,32,32,0
C5,21,37,1024,512,216,296,0,32,32,0
C5,21,38,1024,512,162,350,0,32,32,0
C5,21,39,1024,512,162,350,0,32,32,0
C5,21,40,1024,512,162,350,0,32,32,0
C5,21,41,1024,512,162,350,0,32,32,0
C5,22,0,1024,512,162,350,0,32,32,0
C5,22,1,1024,512,162,350,0,32,32,0
C5,22,2,1024,512,162,350,0,32,32,0
C5,22,3,1024,512,162,350,0,32,32,0
C5,22,4,1024,512,162,350,0,32,32,0
C5,22,5,1024,512,162,350,0,32,32,0
C5,22,6,1024,512,162,350,0,32,32,0
C5,22,7,1024,512,162,350,0,32,32,0
C5,22,8,1024,512,162,350,0,32,32,0
C5,22,9,1024,512,162,350,0,32,32,0
C5,22,10,1024,512,162,350,0,32,32,0
C5,22,11,1024,512,162,350,0,32,32,0
C5,22,12,1024,512,162,350,0,32,32,0
C5,22,13,1024,512,162,350,0,32,32,0
C5,22,14,1024,512,162,350,0,32,32,0
C5,22,15,1024,512,162,350,0,32,32,0
C5,22,16,1024,512,162,350,0,32,32,0
C5,22,17,1024,512,162,350,0,32,32,0
C5,22,18,1024,512,162,350,0,32,32,0
C5,22,19,1024,512,162,350,0,32,32,0
C5,22,20,1024,512,162,350,0,32,32,0
C5,22,21,1024,512,162,350,0,32,32,0
C5,22,22,1024,512,162,350,0,32,32,0
C5,22,23,1024,512,162,350,0,32,32,0
C5,22,24,1024,512,162,350,0,32,32,0
C5,22,25,1024,512,162,350,0,32,32,0
C5,22,26,1024,512,162,350,0,32,32,0
C5,22,27,1024,512,162,350,0,32,32,0
C5,22,28,1024,512,162,350,0,32,32,0
C5,22,29,1024,512,162,350,0,32,32,0
C5,22,30,1024,512,162,350,0,32,32,0
C5,22,31,1024,512,162,350,0,32,32,0
C5,22,32,1024,512,162,350,0,32,32,0
C5,22,33,1024,512,162,350,0,32,32,0
C5,22,34,1024,512,162,350,0,32,32,0
C5,22,35,1024,512,162,350,0,32,32,0
C5,22,36,1024,512,162,350,0,32,32,0
C5,22,37,1024,512,162,350,0,32,32,0
C5,22,38,1024,512,162,350,0,32,32,0
C5,22,39,1024,512,162,350,0,32,32,0
C5,22,40,1024,512,162,350,0,32,32,0
C5,22,41,1024,512,162,350,0,32,32,0
C5,23,0,1024,512,216,296,0,32,32,0
C5,23,1,1024,512,216,296,0,32,32,0
C5,23,2,1024,512,162,350,0,32,32,0
C5,23,3,1024,512,162,350,0,32,32,0
C5,23,4,1024,512,216,296,0,32,32,0
C5,23,5,1024,512,216,296,0,32,32,0
C5,23,6,1024,512,216,296,0,32,32,0
C5,23,7,1024,512,162,350,0,32,32,0
C5,23,8,1024,512,162,350,0,32,32,0
C5,23,9,1024,512,216,296,0,32,32,0
C5,23,10,1024,512,162,350,0,32,32,0
C5,23,11,1024,512,162,350,0,32,32,0
C5,23,12,1024,512,162,350,0,32,32,8
C5,23,13,1024,512,216,296,0,32,32,0
C5,23,14,1024,512,216,296,0,32,32,0
C5,23,15,1024,512,216,296,0,32,32,0
C5,23,16,1024,512,162,350,0,32,32,0
C5,23,17,1024,512,162,350,0,32,32,0
C5,23,18,1024,512,216,296,0,32,32,0
C5,23,19,1024,512,216,296,0,32,32,0
C5,23,20,1024,512,216,296,0,32,32,0
C5,23,21,1024,512,162,350,0,32,32,0
C5,23,22,1024,512,162,350,0,32,32,0
C5,23,23,1024,512,216,296,0,32,32,0
C5,23,24,1024,512,162,350,0,32,32,0
C5,23,25,1024,512,162,350,0,32,32,0
C5,23,26,1024,512,162,350,0,32,32,8
C5,23,27,1024,512,216,296,0,32,32,0
C5,23,28,1024,512,216,296,0,32,32,0
C5,23,29,1024,512,216,296,0,32,32,0
C5,23,30,1024,512,162,350,0,32,32,0
C5,23,31,1024,512,162,350,0,32,32,0
C5,23,32,1024,512,216,296,0,32,32,0
C5,23,33,1024,512,162,350,0,32,32,0
C5,23,34,1024,512,162,350,0,32,32,0
C5,23,35,1024,512,162,350,0,32,32,8
C5,23,36,1024,512,216,296,0,32,32,0
C5,23,37,1024,512,162,350,0,32,32,0
C5,23,38,1024,512,162,350,0,32,32,0
C5,23,39,1024,512,162,350,0,32,32,8
C5,23,40,1024,512,162,350,0,32,32,8
C5,23,41,1024,512,216,296,0,32,32,0
C5,24,0,1024,512,288,224,0,32,32,0
C5,24,1,1024,512,216,296,0,32,32,0
C5,24,2,1024,512,288,224,0,32,32,0
C5,24,3,1024,512,216,296,0,32,32,0
C5,24,4,1024,512,216,296,0,32,32,0
C5,24,5,1024,512,216,296,0,32,32,0
C5,24,6,1024,512,162,350,0,32,32,0
C5,24,7,1024,512,216,296,0,32,32,0
C5,24,8,1024,512,162,350,0,32,32,0
C5,24,9,1024,512,162,350,0,32,32,0
C5,24,10,1024,512,288,224,0,32,32,0
C5,24,11,1024,512,216,296,0,32,32,0
C5,24,12,1024,512,216,296,0,32,32,0
C5,24,13,1024,512,216,296,0,32,32,0
C5,24,14,1024,512,288,224,0,32,32,0
C5,24,15,1024,512,216,296,0,32,32,0
C5,24,16,1024,512,288,224,0,32,32,0
C5,24,17,1024,512,216,296,0,32,32,0
C5,24,18,1024,512,216,296,0,32,32,0
C5,24,19,1024,512,216,296,0,32,32,0
C5,24,20,1024,512,162,350,0,32,32,0
C5,24,21,1024,512,216,296,0,32,32,0
C5,24,22,1024,512,162,350,0,32,32,0
C5,24,23,1024,512,162,350,0,32,32,0
C5,24,24,1024,512,288,224,0,32,32,0
C5,24,25,1024,512,216,296,0,32,32,0
C5,24,26,1024,512,216,296,0,32,32,0
C5,24,27,1024,512,216,296,0,32,32,0
C5,24,28,1024,512,216,296,0,32,32,0
C5,24,29,1024,512,162,350,0,32,32,0
C5,24,30,1024,512,216,296,0,32,32,0
C5,24,31,1024,512,162,350,0,32,32,0
C5,24,32,1024,512,162,350,0,32,32,0
C5,24,33,1024,512,216,296,0,32,32,8
C5,24,34,1024,512,162,350,0,32,32,4
C5,24,35,1024,512,162,350,0,32,32,4
C5,24,36,1024,512,162,350,0,32,32,4
C5,24,37,1024,512,288,224,0,32,32,0
C5,24,38,1024,512,216,296,0,32,32,0
C5,24,39,1024,512,216,296,0,32,32,0
C5,24,40,1024,512,216,296,0,32,32,0
C5,24,41,1024,512,216,296,0,32,32,0
C5,25,0,1024,512,216,296,0,32,32,0
C5,25,1,1024,512,216,296,0,32,32,0
C5,25,2,1024,512,216,296,0,32,32,0
C5,25,3,1024,512,216,296,0,32,32,0
C5,25,4,1024,512,216,296,0,32,32,0
C5,25,5,1024,512,162,350,0,32,32,0
C5,25,6,1024,512,162,350,0,32,32,0
C5,25,7,1024,512,162,350,0,32,32,0
C5,25,8,1024,512,162,350,0,32,32,0
C5,25,9,1024,512,162,350,0,32,32,0
C5,25,10,1024,512,216,296,0,32,32,0
C5,25,11,1024,512,216,296,0,32,32,0
C5,25,12,1024,512,216,296,0,32,32,0
C5,25,13,1024,512,216,296,0,32,32,0
C5,25,14,1024,512,216,296,0,32,32,0
C5,25,15,1024,512,216,296,0,32,32,0
C5,25,16,1024,512,216,296,0,32,32,0
C5,25,17,1024,512,216,296,0,32,32,0
C5,25,18,1024,512,216,296,0,32,32,0
C5,25,19,1024,512,162,350,0,32,32,0
C5,25,20,1024,512,162,350,0,32,32,0
C5,25,21,1024,512,162,350,0,32,32,0
C5,25,22,1024,512,162,350,0,32,32,0
C5,25,23,1024,512,162,350,0,32,32,0
C5,25,24,1024,512,216,296,0,32,32,0
C5,25,25,1024,512,216,296,0,32,32,0
C5,25,26,1024,512,216,296,0,32,32,0
C5,25,27,1024,512,216,296,0,32,32,0
C5,25,28,1024,512,162,350,0,32,32,0
C5,25,29,1024,512,162,350,0,32,32,0
C5,25,30,1024,512,162,350,0,32,32,0
C5,25,31,1024,512,162,350,0,32,32,0
C5,25,32,1024,512,162,350,0,32,32,0
C5,25,33,1024,512,162,350,0,32,32,4
C5,25,34,1024,512,162,350,0,32,32,4
C5,25,35,1024,512,162,350,0,32,32,4
C5,25,36,1024,512,162,350,0,32,32,4
C5,25,37,1024,512,216,296,0,32,32,0
C5,25,38,1024,512,216,296,0,32,32,0
C5,25,39,1024,512,216,296,0,32,32,0
C5,25,40,1024,512,216,296,0,32,32,0
C5,25,41,1024,512,216,296,0,32,32,0
C5,26,0,1024,512,216,296,0,32,32,0
C5,26,1,1024,512,216,296,0,32,32,0
C5,26,2,1024,512,216,296,0,32,32,0
C5,26,3,1024,512,216,296,0,32,32,0
C5,26,4,1024,512,216,296,0,32,32,0
C5,26,5,1024,512,162,350,0,32,32,8
C5,26,6,1024,512,162,350,0,32,32,8
C5,26,7,1024,512,162,350,0,32,32,0
C5,26,8,1024,512,162,350,0,32,32,0
C5,26,9,1024,512,162,350,0,32,32,8
C5,26,10,1024,512,216,296,0,32,32,0
C5,26,11,1024,512,216,296,0,32,32,0
C5,26,12,1024,512,216,296,0,32,32,0
C5,26,13,1024,512,216,296,0,32,32,0
C5,26,14,1024,512,216,296,0,32,32,0
C5,26,15,1024,512,216,296,0,32,32,0
C5,26,16,1024,512,216,296,0,32,32,0
C5,26,17,1024,512,216,296,0,32,32,0
C5,26,18,1024,512,216,296,0,32,32,0
C5,26,19,1024,512,162,350,0,32,32,8
C5,26,20,1024,512,162,350,0,32,32,8
C5,26,21,1024,512,162,350,0,32,32,0
C5,26,22,1024,512,162,350,0,32,32,0
C5,26,23,1024,512,162,350,0,32,32,8
C5,26,24,1024,512,216,296,0,32,32,0
C5,26,25,1024,512,216,296,0,32,32,0
C5,26,26,1024,512,216,296,0,32,32,0
C5,26,27,1024,512,216,296,0,32,32,0
C5,26,28,1024,512,162,350,0,32,32,8
C5,26,29,1024,512,162,350,0,32,32,8
C5,26,30,1024,512,162,350,0,32,32,0
C5,26,31,1024,512,162,350,0,32,32,0
C5,26,32,1024,512,162,350,0,32,32,8
C5,26,33,1024,512,162,350,0,32,32,4
C5,26,34,1024,512,162,350,0,32,32,4
C5,26,35,1024,512,162,350,0,32,32,12
C5,26,36,1024,512,162,350,0,32,32,12
C5,26,37,1024,512,216,296,0,32,32,0
C5,26,38,1024,512,216,296,0,32,32,0
C5,26,39,1024,512,216,296,0,32,32,0
C5,26,40,1024,512,216,296,0,32,32,0
C5,26,41,1024,512,216,296,0,32,32,0
C5,27,0,1024,512,288,224,0,32,32,0
C5,27,1,1024,512,288,224,0,32,32,0
C5,27,2,1024,512,288,224,0,32,32,0
C5,27,3,1024,512,288,224,0,32,32,0
C5,27,4,1024,512,288,224,0,32,32,0
C5,27,5,1024,512,216,296,0,32,32,0
C5,27,6,1024,512,216,296,0,32,32,0
C5,27,7,1024,512,162,350,0,32,32,0
C5,27,8,1024,512,162,350,0,32,32,0
C5,27,9,1024,512,216,296,0,32,32,0
C5,27,10,1024,512,216,296,0,32,32,0
C5,27,11,1024,512,216,296,0,32,32,0
C5,27,12,1024,512,216,296,0,32,32,0
C5,27,13,1024,512,288,224,0,32,32,0
C5,27,14,1024,512,288,224,0,32,32,0
C5,27,15,1024,512,288,224,0,32,32,0
C5,27,16,1024,512,288,224,0,32,32,0
C5,27,17,1024,512,288,224,0,32,32,0
C5,27,18,1024,512,288,224,0,32,32,0
C5,27,19,1024,512,216,296,0,32,32,0
C5,27,20,1024,512,216,296,0,32,32,0
C5,27,21,1024,512,162,350,0,32,32,0
C5,27,22,1024,512,162,350,0,32,32,0
C5,27,23,1024,512,216,296,0,32,32,0
C5,27,24,1024,512,216,296,0,32,32,0
C5,27,25,1024,512,216,296,0,32,32,0
C5,27,26,1024,512,216,296,0,32,32,0
C5,27,27,1024,512,288,224,0,32,32,0
C5,27,28,1024,512,216,296,0,32,32,0
C5,27,29,1024,512,216,296,0,32,32,0
C5,27,30,1024,512,162,350,0,32,32,0
C5,27,31,1024,512,162,350,0,32,32,0
C5,27,32,1024,512,216,296,0,32,32,0
C5,27,33,1024,512,162,350,0,32,32,4
C5,27,34,1024,512,162,350,0,32,32,4
C5,27,35,1024,512,162,350,0,32,32,12
C5,27,36,1024,512,216,296,0,32,32,8
C5,27,37,1024,512,216,296,0,32,32,0
C5,27,38,1024,512,216,296,0,32,32,0
C5,27,39,1024,512,216,296,0,32,32,0
C5,27,40,1024,512,216,296,0,32,32,8
C5,27,41,1024,512,288,224,0,32,32,0
